{
  "meta": {
    "updatedAt": "2025-10-16T22:35:28.5346250Z",
    "hash": "b9e48b57de151a97aec13fa7f6c30d3bd1acb8e67da38a642ee103c05cfad112",
    "id": "34e7275e-4326-41f8-aecb-52e4f20bc140",
    "version": {
      "major": 0,
      "minor": 1,
      "build": 0
    }
  },
  "name": "yeeeeh",
  "pages": [
    {
      "index": 0,
      "colour": 0,
      "items": [
        {
          "type": "artSticker",
          "id": "sticker-sheet_3-14",
          "dimensions": {
            "x": 4.0,
            "y": 4.0
          },
          "hasBorder": false,
          "orderInLayer": 0,
          "position": {
            "x": 9.096951,
            "y": 5.76992559,
            "z": 0.0
          },
          "rotation": {
            "x": 0.0,
            "y": 0.0,
            "z": 0.0,
            "w": 1.0
          },
          "childStates": []
        }
      ]
    }
  ]
}