{
  "meta": {
    "updatedAt": "2025-10-16T22:35:28.5699358Z",
    "hash": "a5a91eab0c74023face36d03b661713deca430028c23a9b5cb72e283d1234bf3",
    "id": "629e31a9-bc4d-43a8-9833-3255d394486c",
    "version": {
      "major": 0,
      "minor": 1,
      "build": 0
    }
  },
  "name": "biggest yeee boiiiii",
  "pages": [
    {
      "index": 0,
      "colour": 0,
      "items": [
        {
          "type": "artSticker",
          "id": "sticker-sheet_1-6",
          "dimensions": {
            "x": 4.0,
            "y": 4.0
          },
          "hasBorder": false,
          "orderInLayer": 0,
          "position": {
            "x": 5.322974,
            "y": -1.89847612,
            "z": 0.0
          },
          "rotation": {
            "x": 0.0,
            "y": 0.0,
            "z": 0.0,
            "w": 1.0
          },
          "childStates": []
        },
        {
          "type": "artSticker",
          "id": "sticker-sheet_1-6",
          "dimensions": {
            "x": 4.0,
            "y": 4.0
          },
          "hasBorder": false,
          "orderInLayer": 1,
          "position": {
            "x": -5.76813841,
            "y": 0.0714152157,
            "z": 0.0
          },
          "rotation": {
            "x": 0.0,
            "y": 0.0,
            "z": -0.258819163,
            "w": 0.9659259
          },
          "childStates": []
        }
      ]
    }
  ]
}