{
  "type": "scrapbook",
  "meta": {
    "updatedAt": "2025-10-20T02:23:54.3622626Z",
    "hash": "e4631a67ac4eb10990291611f9c8553c40a30a326c4dfbb3198c7b3c81e65530",
    "id": "2b3d5f4b-70a5-4fe0-854e-ff0c90bb878e",
    "version": {
      "major": 0,
      "minor": 1,
      "build": 0
    }
  },
  "name": "Day 2",
  "pages": [
    {
      "index": 0,
      "colour": 0,
      "items": [
        {
          "type": "artSticker",
          "id": "sticker-sheet_2-9",
          "dimensions": {
            "x": 4.0,
            "y": 4.0
          },
          "hasBorder": false,
          "orderInLayer": 0,
          "position": {
            "x": -1.30156136,
            "y": 2.276989,
            "z": 0.0
          },
          "rotation": {
            "x": 0.0,
            "y": 0.0,
            "z": 0.0,
            "w": 1.0
          },
          "childStates": []
        },
        {
          "type": "artSticker",
          "id": "sticker-sheet_2-9",
          "dimensions": {
            "x": 4.0,
            "y": 4.0
          },
          "hasBorder": false,
          "orderInLayer": 1,
          "position": {
            "x": 3.19509268,
            "y": 2.23683929,
            "z": 0.0
          },
          "rotation": {
            "x": 0.0,
            "y": 0.0,
            "z": 0.0,
            "w": 1.0
          },
          "childStates": []
        },
        {
          "type": "artSticker",
          "id": "sticker-sheet_2-11",
          "dimensions": {
            "x": 4.0,
            "y": 4.0
          },
          "hasBorder": false,
          "orderInLayer": 2,
          "position": {
            "x": 0.464981079,
            "y": -0.3326772,
            "z": 0.0
          },
          "rotation": {
            "x": 0.0,
            "y": 0.0,
            "z": 0.0,
            "w": 1.0
          },
          "childStates": []
        },
        {
          "type": "artSticker",
          "id": "sticker-sheet_2-3",
          "dimensions": {
            "x": 4.0,
            "y": 4.0
          },
          "hasBorder": false,
          "orderInLayer": 3,
          "position": {
            "x": 0.5452795,
            "y": -1.09550238,
            "z": 0.0
          },
          "rotation": {
            "x": 0.0,
            "y": 0.0,
            "z": 0.0,
            "w": 1.0
          },
          "childStates": []
        }
      ]
    }
  ]
}