{
  "type": "scrapbook",
  "meta": {
    "updatedAt": "2025-10-20T02:23:54.3369559Z",
    "hash": "5dc0d1935a3fcedc3873609b24986a87d45365ecfbf492885a48ab1063556978",
    "id": "6df365b2-f86b-46ba-8d2b-dbc6a7ace251",
    "version": {
      "major": 0,
      "minor": 1,
      "build": 0
    }
  },
  "name": "Day 1",
  "pages": [
    {
      "index": 0,
      "colour": 0,
      "items": [
        {
          "type": "artSticker",
          "id": "sticker-sheet_2-11",
          "dimensions": {
            "x": 4.0,
            "y": 4.0
          },
          "hasBorder": false,
          "orderInLayer": 0,
          "position": {
            "x": 0.4248333,
            "y": 0.309701771,
            "z": 0.0
          },
          "rotation": {
            "x": 0.0,
            "y": 0.0,
            "z": 0.0,
            "w": 1.0
          },
          "childStates": []
        },
        {
          "type": "artSticker",
          "id": "sticker-sheet_2-9",
          "dimensions": {
            "x": 4.0,
            "y": 4.0
          },
          "hasBorder": false,
          "orderInLayer": 1,
          "position": {
            "x": -1.74319649,
            "y": 2.75877333,
            "z": 0.0
          },
          "rotation": {
            "x": 0.0,
            "y": 0.0,
            "z": 0.0,
            "w": 1.0
          },
          "childStates": []
        },
        {
          "type": "artSticker",
          "id": "sticker-sheet_2-9",
          "dimensions": {
            "x": 4.0,
            "y": 4.0
          },
          "hasBorder": false,
          "orderInLayer": 2,
          "position": {
            "x": 2.27167225,
            "y": 2.63832617,
            "z": 0.0
          },
          "rotation": {
            "x": 0.0,
            "y": 0.0,
            "z": 0.0,
            "w": 1.0
          },
          "childStates": []
        },
        {
          "type": "artSticker",
          "id": "sticker-sheet_1-13",
          "dimensions": {
            "x": 4.0,
            "y": 4.0
          },
          "hasBorder": false,
          "orderInLayer": 3,
          "position": {
            "x": -0.45843935,
            "y": -0.5735694,
            "z": 0.0
          },
          "rotation": {
            "x": 0.0,
            "y": 0.0,
            "z": 0.0,
            "w": 1.0
          },
          "childStates": []
        }
      ]
    }
  ]
}