{
  "type": "scrapbook",
  "meta": {
    "updatedAt": "2025-10-23T12:53:00.4485764Z",
    "hash": "5e23109d9aa9ea3cc8ae72619a981310a6465a2355455f97ffdff9dc004d07b1",
    "id": "91492d65-73e0-42f1-9a98-a58d88d78f2a",
    "version": {
      "major": 0,
      "minor": 1,
      "build": 0
    }
  },
  "name": "Day 14",
  "pages": [
    {
      "index": 0,
      "colour": 0,
      "items": [
        {
          "type": "artSticker",
          "id": "sticker-sheet_3-13",
          "dimensions": {
            "x": 4.0,
            "y": 4.0
          },
          "hasBorder": false,
          "orderInLayer": 0,
          "position": {
            "x": 1.27092409,
            "y": -0.00932833552,
            "z": 0.0
          },
          "rotation": {
            "x": 0.0,
            "y": 0.0,
            "z": 0.0,
            "w": 1.0
          },
          "childStates": []
        },
        {
          "type": "washiTape",
          "id": "plain-colour-9-washi-tape",
          "dimensions": {
            "x": 2.03630352,
            "y": 1.0
          },
          "shape": 0,
          "orderInLayer": 1,
          "position": {
            "x": 0.329202175,
            "y": 1.04460859,
            "z": 0.0
          },
          "rotation": {
            "x": 0.0,
            "y": 0.0,
            "z": -0.321439624,
            "w": 0.94693017
          },
          "childStates": []
        },
        {
          "type": "washiTape",
          "id": "plain-colour-9-washi-tape",
          "dimensions": {
            "x": 2.03630352,
            "y": 1.0
          },
          "shape": 0,
          "orderInLayer": 2,
          "position": {
            "x": 2.146815,
            "y": 1.24983525,
            "z": 0.0
          },
          "rotation": {
            "x": 0.0,
            "y": 0.0,
            "z": -0.923879743,
            "w": 0.382683
          },
          "childStates": []
        }
      ]
    }
  ]
}