{
  "type": "scrapbook",
  "meta": {
    "updatedAt": "2025-10-23T12:33:42.2920068Z",
    "hash": "7b1feb402f8307158afa3c0e3dc4db463ca663a85c54b8635e350d49c2e936c8",
    "id": "d5d7b53f-db44-4357-9e69-800db2c5bd0b",
    "version": {
      "major": 0,
      "minor": 1,
      "build": 0
    }
  },
  "name": "Episode 1",
  "pages": [
    {
      "index": 0,
      "colour": 0,
      "items": [
        {
          "type": "artSticker",
          "id": "sticker-sheet_2-9",
          "dimensions": {
            "x": 4.0,
            "y": 4.0
          },
          "hasBorder": false,
          "orderInLayer": 0,
          "position": {
            "x": 3.44907522,
            "y": 2.459243,
            "z": 0.0
          },
          "rotation": {
            "x": 0.0,
            "y": 0.0,
            "z": 0.0,
            "w": 1.0
          },
          "childStates": []
        },
        {
          "type": "artSticker",
          "id": "sticker-sheet_2-11",
          "dimensions": {
            "x": 4.0,
            "y": 4.0
          },
          "hasBorder": false,
          "orderInLayer": 1,
          "position": {
            "x": 1.37983155,
            "y": 0.3899994,
            "z": 0.0
          },
          "rotation": {
            "x": 0.0,
            "y": 0.0,
            "z": 0.0,
            "w": 1.0
          },
          "childStates": []
        },
        {
          "type": "artSticker",
          "id": "sticker-sheet_2-9",
          "dimensions": {
            "x": 4.0,
            "y": 4.0
          },
          "hasBorder": false,
          "orderInLayer": 2,
          "position": {
            "x": -0.326386452,
            "y": 2.49554563,
            "z": 0.0
          },
          "rotation": {
            "x": 0.0,
            "y": 0.0,
            "z": 0.0,
            "w": 1.0
          },
          "childStates": []
        },
        {
          "type": "artSticker",
          "id": "sticker-sheet_3-3",
          "dimensions": {
            "x": 4.0,
            "y": 4.0
          },
          "hasBorder": false,
          "orderInLayer": 3,
          "position": {
            "x": 1.343529,
            "y": 1.04344475,
            "z": 0.0
          },
          "rotation": {
            "x": 0.0,
            "y": 0.0,
            "z": 0.0,
            "w": 1.0
          },
          "childStates": []
        },
        {
          "type": "washiTape",
          "id": "plant-washi-tape",
          "dimensions": {
            "x": 2.21781731,
            "y": 1.0
          },
          "shape": 0,
          "orderInLayer": 4,
          "position": {
            "x": -0.7455468,
            "y": 4.10445261,
            "z": 0.0
          },
          "rotation": {
            "x": 0.0,
            "y": 0.0,
            "z": 0.0,
            "w": 1.0
          },
          "childStates": []
        },
        {
          "type": "washiTape",
          "id": "plant-washi-tape",
          "dimensions": {
            "x": 2.21781731,
            "y": 1.0
          },
          "shape": 0,
          "orderInLayer": 5,
          "position": {
            "x": 3.24773073,
            "y": 4.1407547,
            "z": 0.0
          },
          "rotation": {
            "x": 0.0,
            "y": 0.0,
            "z": 0.0,
            "w": 1.0
          },
          "childStates": []
        }
      ]
    },
    {
      "index": 0,
      "colour": 0,
      "items": [
        {
          "type": "artSticker",
          "id": "sticker-sheet_2-9",
          "dimensions": {
            "x": 4.0,
            "y": 4.0
          },
          "hasBorder": false,
          "orderInLayer": 0,
          "position": {
            "x": 4.429244,
            "y": 3.33050346,
            "z": 0.0
          },
          "rotation": {
            "x": 0.0,
            "y": 0.0,
            "z": 0.0,
            "w": 1.0
          },
          "childStates": []
        },
        {
          "type": "artSticker",
          "id": "sticker-sheet_2-9",
          "dimensions": {
            "x": 4.0,
            "y": 4.0
          },
          "hasBorder": false,
          "orderInLayer": 1,
          "position": {
            "x": -0.435294151,
            "y": 3.14899087,
            "z": 0.0
          },
          "rotation": {
            "x": 0.0,
            "y": 0.0,
            "z": 0.0,
            "w": 1.0
          },
          "childStates": []
        },
        {
          "type": "artSticker",
          "id": "sticker-sheet_2-11",
          "dimensions": {
            "x": 4.0,
            "y": 4.0
          },
          "hasBorder": false,
          "orderInLayer": 2,
          "position": {
            "x": 2.323697,
            "y": 0.3899994,
            "z": 0.0
          },
          "rotation": {
            "x": 0.0,
            "y": 0.0,
            "z": 0.0,
            "w": 1.0
          },
          "childStates": []
        },
        {
          "type": "artSticker",
          "id": "sticker-sheet_1-13",
          "dimensions": {
            "x": 4.0,
            "y": 4.0
          },
          "hasBorder": false,
          "orderInLayer": 3,
          "position": {
            "x": 1.48873925,
            "y": -0.408656061,
            "z": 0.0
          },
          "rotation": {
            "x": 0.0,
            "y": 0.0,
            "z": 0.0,
            "w": 1.0
          },
          "childStates": []
        },
        {
          "type": "artSticker",
          "id": "sticker-sheet_3-3",
          "dimensions": {
            "x": 4.0,
            "y": 4.0
          },
          "hasBorder": false,
          "orderInLayer": 4,
          "position": {
            "x": 2.105883,
            "y": 1.29756236,
            "z": 0.0
          },
          "rotation": {
            "x": 0.0,
            "y": 0.0,
            "z": 0.0,
            "w": 1.0
          },
          "childStates": []
        }
      ]
    },
    {
      "index": 0,
      "colour": 0,
      "items": [
        {
          "type": "artSticker",
          "id": "sticker-sheet_4-9",
          "dimensions": {
            "x": 4.0,
            "y": 4.0
          },
          "hasBorder": false,
          "orderInLayer": 0,
          "position": {
            "x": -0.07226944,
            "y": -4.401933,
            "z": 0.0
          },
          "rotation": {
            "x": 0.0,
            "y": 0.0,
            "z": 0.0,
            "w": 1.0
          },
          "childStates": []
        },
        {
          "type": "artSticker",
          "id": "sticker-sheet_4-9",
          "dimensions": {
            "x": 4.0,
            "y": 4.0
          },
          "hasBorder": false,
          "orderInLayer": 1,
          "position": {
            "x": 2.61411858,
            "y": -4.401933,
            "z": 0.0
          },
          "rotation": {
            "x": 0.0,
            "y": 1.0,
            "z": 0.0,
            "w": -4.371139E-08
          },
          "childStates": []
        },
        {
          "type": "artSticker",
          "id": "sticker-sheet_4-9",
          "dimensions": {
            "x": 4.0,
            "y": 4.0
          },
          "hasBorder": false,
          "orderInLayer": 2,
          "position": {
            "x": 2.57847261,
            "y": -1.74580479,
            "z": 0.0
          },
          "rotation": {
            "x": -0.707107067,
            "y": 0.707106531,
            "z": -3.09086374E-08,
            "w": -3.09086126E-08
          },
          "childStates": []
        },
        {
          "type": "artSticker",
          "id": "sticker-sheet_4-9",
          "dimensions": {
            "x": 4.0,
            "y": 4.0
          },
          "hasBorder": false,
          "orderInLayer": 3,
          "position": {
            "x": -0.007565975,
            "y": -1.87752962,
            "z": 0.0
          },
          "rotation": {
            "x": -1.0,
            "y": -5.88595867E-07,
            "z": -4.37114E-08,
            "w": 2.90878432E-14
          },
          "childStates": []
        },
        {
          "type": "artSticker",
          "id": "sticker-sheet_2-9",
          "dimensions": {
            "x": 4.0,
            "y": 4.0
          },
          "hasBorder": false,
          "orderInLayer": 4,
          "position": {
            "x": 1.27092409,
            "y": -3.131345,
            "z": 0.0
          },
          "rotation": {
            "x": 0.0,
            "y": 0.0,
            "z": 0.0,
            "w": 1.0
          },
          "childStates": []
        }
      ]
    }
  ]
}