{
  "type": "scrapbook",
  "meta": {
    "updatedAt": "2025-10-23T12:12:15.6919259Z",
    "hash": "8d1d0fbc606cd3dc65718252642b46fc14c17e77262384c1d772dd969c2d9d07",
    "id": "d5d7b53f-db44-4357-9e69-800db2c5bd0b",
    "version": {
      "major": 0,
      "minor": 1,
      "build": 0
    }
  },
  "name": "Episode 1",
  "pages": [
    {
      "index": 0,
      "colour": 0,
      "items": [
        {
          "type": "artSticker",
          "id": "sticker-sheet_2-9",
          "dimensions": {
            "x": 4.0,
            "y": 4.0
          },
          "hasBorder": false,
          "orderInLayer": 0,
          "position": {
            "x": 3.44907522,
            "y": 2.459243,
            "z": 0.0
          },
          "rotation": {
            "x": 0.0,
            "y": 0.0,
            "z": 0.0,
            "w": 1.0
          },
          "childStates": []
        },
        {
          "type": "artSticker",
          "id": "sticker-sheet_2-11",
          "dimensions": {
            "x": 4.0,
            "y": 4.0
          },
          "hasBorder": false,
          "orderInLayer": 1,
          "position": {
            "x": 1.37983155,
            "y": 0.3899994,
            "z": 0.0
          },
          "rotation": {
            "x": 0.0,
            "y": 0.0,
            "z": 0.0,
            "w": 1.0
          },
          "childStates": []
        },
        {
          "type": "artSticker",
          "id": "sticker-sheet_2-9",
          "dimensions": {
            "x": 4.0,
            "y": 4.0
          },
          "hasBorder": false,
          "orderInLayer": 2,
          "position": {
            "x": -0.326386452,
            "y": 2.49554563,
            "z": 0.0
          },
          "rotation": {
            "x": 0.0,
            "y": 0.0,
            "z": 0.0,
            "w": 1.0
          },
          "childStates": []
        },
        {
          "type": "artSticker",
          "id": "sticker-sheet_3-3",
          "dimensions": {
            "x": 4.0,
            "y": 4.0
          },
          "hasBorder": false,
          "orderInLayer": 3,
          "position": {
            "x": 1.343529,
            "y": 1.04344475,
            "z": 0.0
          },
          "rotation": {
            "x": 0.0,
            "y": 0.0,
            "z": 0.0,
            "w": 1.0
          },
          "childStates": []
        }
      ]
    },
    {
      "index": 0,
      "colour": 0,
      "items": [
        {
          "type": "artSticker",
          "id": "sticker-sheet_2-9",
          "dimensions": {
            "x": 4.0,
            "y": 4.0
          },
          "hasBorder": false,
          "orderInLayer": 0,
          "position": {
            "x": 4.429244,
            "y": 3.33050346,
            "z": 0.0
          },
          "rotation": {
            "x": 0.0,
            "y": 0.0,
            "z": 0.0,
            "w": 1.0
          },
          "childStates": []
        },
        {
          "type": "artSticker",
          "id": "sticker-sheet_2-9",
          "dimensions": {
            "x": 4.0,
            "y": 4.0
          },
          "hasBorder": false,
          "orderInLayer": 1,
          "position": {
            "x": -0.435294151,
            "y": 3.14899087,
            "z": 0.0
          },
          "rotation": {
            "x": 0.0,
            "y": 0.0,
            "z": 0.0,
            "w": 1.0
          },
          "childStates": []
        },
        {
          "type": "artSticker",
          "id": "sticker-sheet_2-11",
          "dimensions": {
            "x": 4.0,
            "y": 4.0
          },
          "hasBorder": false,
          "orderInLayer": 2,
          "position": {
            "x": 2.323697,
            "y": 0.3899994,
            "z": 0.0
          },
          "rotation": {
            "x": 0.0,
            "y": 0.0,
            "z": 0.0,
            "w": 1.0
          },
          "childStates": []
        },
        {
          "type": "artSticker",
          "id": "sticker-sheet_1-13",
          "dimensions": {
            "x": 4.0,
            "y": 4.0
          },
          "hasBorder": false,
          "orderInLayer": 3,
          "position": {
            "x": 1.48873925,
            "y": -0.408656061,
            "z": 0.0
          },
          "rotation": {
            "x": 0.0,
            "y": 0.0,
            "z": 0.0,
            "w": 1.0
          },
          "childStates": []
        },
        {
          "type": "artSticker",
          "id": "sticker-sheet_3-3",
          "dimensions": {
            "x": 4.0,
            "y": 4.0
          },
          "hasBorder": false,
          "orderInLayer": 4,
          "position": {
            "x": 2.105883,
            "y": 1.29756236,
            "z": 0.0
          },
          "rotation": {
            "x": 0.0,
            "y": 0.0,
            "z": 0.0,
            "w": 1.0
          },
          "childStates": []
        }
      ]
    }
  ]
}