{
  "type": "scrapbook",
  "meta": {
    "updatedAt": "2025-10-23T13:07:11.5836436Z",
    "hash": "efef30016ecfcf7338856178a0e5ce3305007958940aa253387f0460e2712343",
    "id": "ac6b8472-5965-4562-8063-4f7d7bf7197a",
    "version": {
      "major": 0,
      "minor": 1,
      "build": 0
    }
  },
  "name": "Book",
  "pages": [
    {
      "index": 0,
      "colour": 0,
      "items": [
        {
          "type": "artSticker",
          "id": "sticker-sheet_3-3",
          "dimensions": {
            "x": 4.0,
            "y": 4.0
          },
          "hasBorder": false,
          "orderInLayer": 0,
          "position": {
            "x": 8.362432,
            "y": 1.4843632,
            "z": 0.0
          },
          "rotation": {
            "x": 0.0,
            "y": 0.0,
            "z": 0.0,
            "w": 1.0
          },
          "childStates": []
        },
        {
          "type": "artSticker",
          "id": "sticker-sheet_2-9",
          "dimensions": {
            "x": 4.0,
            "y": 4.0
          },
          "hasBorder": false,
          "orderInLayer": 1,
          "position": {
            "x": 6.95192,
            "y": 2.919195,
            "z": 0.0
          },
          "rotation": {
            "x": 0.0,
            "y": 0.0,
            "z": 0.0,
            "w": 1.0
          },
          "childStates": []
        },
        {
          "type": "artSticker",
          "id": "sticker-sheet_2-9",
          "dimensions": {
            "x": 4.0,
            "y": 4.0
          },
          "hasBorder": false,
          "orderInLayer": 2,
          "position": {
            "x": 9.797264,
            "y": 2.96783376,
            "z": 0.0
          },
          "rotation": {
            "x": 0.0,
            "y": 0.0,
            "z": 0.0,
            "w": 1.0
          },
          "childStates": []
        },
        {
          "type": "artSticker",
          "id": "sticker-sheet_3-3",
          "dimensions": {
            "x": 4.0,
            "y": 4.0
          },
          "hasBorder": false,
          "orderInLayer": 3,
          "position": {
            "x": 8.410128,
            "y": 4.341636,
            "z": 0.0
          },
          "rotation": {
            "x": 0.0,
            "y": 0.0,
            "z": -1.0,
            "w": -5.88595867E-07
          },
          "childStates": []
        },
        {
          "type": "artSticker",
          "id": "sticker-sheet_4-6",
          "dimensions": {
            "x": 4.0,
            "y": 4.0
          },
          "hasBorder": false,
          "orderInLayer": 4,
          "position": {
            "x": 8.43539,
            "y": 6.12932825,
            "z": 0.0
          },
          "rotation": {
            "x": 0.0,
            "y": 0.0,
            "z": 0.0,
            "w": 1.0
          },
          "childStates": []
        }
      ]
    }
  ]
}