{
  "type": "scrapbook",
  "meta": {
    "updatedAt": "2025-10-23T13:10:22.6986628Z",
    "hash": "79e9d82f4879613f0e6a62aec156562eb8369f9072e788b36a75f3b35127b76f",
    "id": "ac6b8472-5965-4562-8063-4f7d7bf7197a",
    "version": {
      "major": 0,
      "minor": 1,
      "build": 0
    }
  },
  "name": "Book",
  "pages": [
    {
      "index": 0,
      "colour": 0,
      "items": [
        {
          "type": "artSticker",
          "id": "sticker-sheet_3-3",
          "dimensions": {
            "x": 4.0,
            "y": 4.0
          },
          "hasBorder": false,
          "orderInLayer": 0,
          "position": {
            "x": 8.362432,
            "y": 1.4843632,
            "z": 0.0
          },
          "rotation": {
            "x": 0.0,
            "y": 0.0,
            "z": 0.0,
            "w": 1.0
          },
          "childStates": []
        },
        {
          "type": "artSticker",
          "id": "sticker-sheet_2-9",
          "dimensions": {
            "x": 4.0,
            "y": 4.0
          },
          "hasBorder": false,
          "orderInLayer": 1,
          "position": {
            "x": 6.95192,
            "y": 2.919195,
            "z": 0.0
          },
          "rotation": {
            "x": 0.0,
            "y": 0.0,
            "z": 0.0,
            "w": 1.0
          },
          "childStates": []
        },
        {
          "type": "artSticker",
          "id": "sticker-sheet_2-9",
          "dimensions": {
            "x": 4.0,
            "y": 4.0
          },
          "hasBorder": false,
          "orderInLayer": 2,
          "position": {
            "x": 9.797264,
            "y": 2.96783376,
            "z": 0.0
          },
          "rotation": {
            "x": 0.0,
            "y": 0.0,
            "z": 0.0,
            "w": 1.0
          },
          "childStates": []
        },
        {
          "type": "artSticker",
          "id": "sticker-sheet_3-3",
          "dimensions": {
            "x": 4.0,
            "y": 4.0
          },
          "hasBorder": false,
          "orderInLayer": 3,
          "position": {
            "x": 8.410128,
            "y": 4.341636,
            "z": 0.0
          },
          "rotation": {
            "x": 0.0,
            "y": 0.0,
            "z": -1.0,
            "w": -5.88595867E-07
          },
          "childStates": []
        },
        {
          "type": "artSticker",
          "id": "sticker-sheet_4-6",
          "dimensions": {
            "x": 4.0,
            "y": 4.0
          },
          "hasBorder": false,
          "orderInLayer": 4,
          "position": {
            "x": 8.43539,
            "y": 6.12932825,
            "z": 0.0
          },
          "rotation": {
            "x": 0.0,
            "y": 0.0,
            "z": 0.0,
            "w": 1.0
          },
          "childStates": []
        },
        {
          "type": "washiTape",
          "id": "danger-tape-washi-tape",
          "dimensions": {
            "x": 28.9989815,
            "y": 2.181601
          },
          "shape": 0,
          "orderInLayer": 6,
          "position": {
            "x": -1.80290031,
            "y": -4.65081263,
            "z": 0.0
          },
          "rotation": {
            "x": 0.0,
            "y": 0.0,
            "z": -0.1950904,
            "w": 0.9807853
          },
          "childStates": []
        },
        {
          "type": "washiTape",
          "id": "danger-tape-washi-tape",
          "dimensions": {
            "x": 17.34541,
            "y": 2.072958
          },
          "shape": 0,
          "orderInLayer": 5,
          "position": {
            "x": 6.50440168,
            "y": -5.74722958,
            "z": 0.0
          },
          "rotation": {
            "x": 0.0,
            "y": 0.0,
            "z": 0.258819133,
            "w": 0.9659258
          },
          "childStates": []
        },
        {
          "type": "artSticker",
          "id": "sticker-sheet_5-9",
          "dimensions": {
            "x": 4.0,
            "y": 4.0
          },
          "hasBorder": false,
          "orderInLayer": 7,
          "position": {
            "x": -5.475188,
            "y": 5.934775,
            "z": 0.0
          },
          "rotation": {
            "x": 0.0,
            "y": 0.0,
            "z": 0.0,
            "w": 1.0
          },
          "childStates": []
        },
        {
          "type": "artSticker",
          "id": "sticker-sheet_5-8",
          "dimensions": {
            "x": 4.0,
            "y": 4.0
          },
          "hasBorder": false,
          "orderInLayer": 8,
          "position": {
            "x": -3.99171686,
            "y": 5.86181736,
            "z": 0.0
          },
          "rotation": {
            "x": 0.0,
            "y": 0.0,
            "z": 0.0,
            "w": 1.0
          },
          "childStates": []
        },
        {
          "type": "artSticker",
          "id": "sticker-sheet_5-12",
          "dimensions": {
            "x": 4.0,
            "y": 4.0
          },
          "hasBorder": false,
          "orderInLayer": 9,
          "position": {
            "x": -2.021862,
            "y": 6.348201,
            "z": 0.0
          },
          "rotation": {
            "x": 0.0,
            "y": 0.0,
            "z": 0.0,
            "w": 1.0
          },
          "childStates": []
        },
        {
          "type": "artSticker",
          "id": "sticker-sheet_5-12",
          "dimensions": {
            "x": 4.0,
            "y": 4.0
          },
          "hasBorder": false,
          "orderInLayer": 10,
          "position": {
            "x": 0.555972338,
            "y": 5.594306,
            "z": 0.0
          },
          "rotation": {
            "x": 0.0,
            "y": 0.0,
            "z": 0.0,
            "w": 1.0
          },
          "childStates": []
        },
        {
          "type": "artSticker",
          "id": "sticker-sheet_6-8",
          "dimensions": {
            "x": 4.0,
            "y": 4.0
          },
          "hasBorder": false,
          "orderInLayer": 11,
          "position": {
            "x": 2.99799252,
            "y": 4.990104,
            "z": 0.0
          },
          "rotation": {
            "x": 0.0,
            "y": 0.0,
            "z": -0.130526245,
            "w": 0.9914449
          },
          "childStates": []
        }
      ]
    }
  ]
}